Metric,Value
Mean Intensity,0.009189692190828238
Standard Deviation,0.06344562367297049
Max Intensity,0.9936250448226929
Min Intensity,0.0
